"","Zip Code","City","County"
"1","55001","Afton","Washington"
"2","55002","Almelund","Chisago"
"3","55003","Bayport","Washington"
"4","55005","Bethel","Anoka"
"5","55006","Braham","Isanti"
"6","55007","Brook Park","Pine"
"7","55008","Cambridge","Isanti"
"8","55009","Cannon Falls","Goodhue"
"9","55010","Castle Rock","Dakota"
"10","55011","Cedar","Anoka"
"11","55012","Center City","Chisago"
"12","55013","Chisago City","Chisago"
"13","55014","Circle Pines","Anoka"
"14","55016","Cottage Grove","Washington"
"15","55017","Dalbo","Isanti"
"16","55018","Dennison","Goodhue"
"17","55019","Dundas","Rice"
"18","55020","Elko","Scott"
"19","55021","Faribault","Rice"
"20","55024","Farmington","Dakota"
"21","55025","Forest Lake","Washington"
"22","55026","Frontenac","Goodhue"
"23","55027","Goodhue","Goodhue"
"24","55029","Grandy","Isanti"
"25","55030","Grasston","Pine"
"26","55031","Hampton","Dakota"
"27","55032","Harris","Chisago"
"28","55033","Hastings","Dakota"
"29","55036","Henriette","Pine"
"30","55037","Hinckley","Pine"
"31","55038","Hugo","Washington"
"32","55040","Isanti","Isanti"
"33","55041","Lake City","Wabasha"
"34","55042","Lake Elmo","Washington"
"35","55043","Lakeland","Washington"
"36","55044","Lakeville","Dakota"
"37","55045","Lindstrom","Chisago"
"38","55046","Lonsdale","Rice"
"39","55047","Marine On Saint Croix","Washington"
"40","55049","Medford","Steele"
"41","55051","Mora","Kanabec"
"42","55052","Morristown","Rice"
"43","55053","Nerstrand","Rice"
"44","55054","New Market","Scott"
"45","55055","Newport","Washington"
"46","55056","North Branch","Chisago"
"47","55057","Northfield","Rice"
"48","55060","Owatonna","Steele"
"49","55063","Pine City","Pine"
"50","55065","Randolph","Dakota"
"51","55066","Red Wing","Goodhue"
"52","55067","Rock Creek","Pine"
"53","55068","Rosemount","Dakota"
"54","55069","Rush City","Chisago"
"55","55070","Saint Francis","Anoka"
"56","55071","Saint Paul Park","Washington"
"57","55072","Sandstone","Pine"
"58","55073","Scandia","Washington"
"59","55074","Shafer","Chisago"
"60","55075","South Saint Paul","Dakota"
"61","55076","Inver Grove Heights","Dakota"
"62","55077","Inver Grove Heights","Dakota"
"63","55078","Stacy","Chisago"
"64","55079","Stacy","Chisago"
"65","55080","Stanchfield","Isanti"
"66","55082","Stillwater","Washington"
"67","55083","Stillwater","Washington"
"68","55084","Taylors Falls","Chisago"
"69","55085","Vermillion","Dakota"
"70","55087","Warsaw","Rice"
"71","55088","Webster","Rice"
"72","55089","Welch","Goodhue"
"73","55090","Willernie","Washington"
"74","55092","Wyoming","Chisago"
"75","55101","Saint Paul","Ramsey"
"76","55102","Saint Paul","Ramsey"
"77","55103","Saint Paul","Ramsey"
"78","55104","Saint Paul","Ramsey"
"79","55105","Saint Paul","Ramsey"
"80","55106","Saint Paul","Ramsey"
"81","55107","Saint Paul","Ramsey"
"82","55108","Saint Paul","Ramsey"
"83","55109","Saint Paul","Ramsey"
"84","55110","Saint Paul","Ramsey"
"85","55111","Saint Paul","Hennepin"
"86","55112","Saint Paul","Ramsey"
"87","55113","Saint Paul","Ramsey"
"88","55114","Saint Paul","Ramsey"
"89","55115","Saint Paul","Washington"
"90","55116","Saint Paul","Ramsey"
"91","55117","Saint Paul","Ramsey"
"92","55118","Saint Paul","Dakota"
"93","55119","Saint Paul","Ramsey"
"94","55120","Saint Paul","Dakota"
"95","55121","Saint Paul","Dakota"
"96","55122","Saint Paul","Dakota"
"97","55123","Saint Paul","Dakota"
"98","55124","Saint Paul","Dakota"
"99","55125","Saint Paul","Washington"
"100","55126","Saint Paul","Ramsey"
"101","55127","Saint Paul","Ramsey"
"102","55128","Saint Paul","Washington"
"103","55129","Saint Paul","Washington"
"104","55130","Saint Paul","Ramsey"
"105","55133","Saint Paul","Ramsey"
"106","55144","Saint Paul","Ramsey"
"107","55145","Saint Paul","Ramsey"
"108","55146","Saint Paul","Ramsey"
"109","55150","Mendota","Dakota"
"110","55155","Saint Paul","Ramsey"
"111","55161","Saint Paul","Ramsey"
"112","55164","Saint Paul","Ramsey"
"113","55165","Saint Paul","Ramsey"
"114","55166","Saint Paul","Ramsey"
"115","55168","Saint Paul","Ramsey"
"116","55169","Saint Paul","Ramsey"
"117","55170","Saint Paul","Ramsey"
"118","55171","Saint Paul","Ramsey"
"119","55172","Saint Paul","Ramsey"
"120","55175","Saint Paul","Ramsey"
"121","55177","Saint Paul","Ramsey"
"122","55187","Saint Paul","Ramsey"
"123","55188","Saint Paul","Ramsey"
"124","55191","Saint Paul","Ramsey"
"125","55301","Albertville","Wright"
"126","55302","Annandale","Wright"
"127","55303","Anoka","Anoka"
"128","55304","Andover","Anoka"
"129","55305","Hopkins","Hennepin"
"130","55306","Burnsville","Dakota"
"131","55307","Arlington","Sibley"
"132","55308","Becker","Sherburne"
"133","55309","Big Lake","Sherburne"
"134","55310","Bird Island","Renville"
"135","55311","Osseo","Hennepin"
"136","55312","Brownton","Mcleod"
"137","55313","Buffalo","Wright"
"138","55314","Buffalo Lake","Renville"
"139","55315","Carver","Carver"
"140","55316","Champlin","Hennepin"
"141","55317","Chanhassen","Carver"
"142","55318","Chaska","Carver"
"143","55319","Clear Lake","Sherburne"
"144","55320","Clearwater","Wright"
"145","55321","Cokato","Wright"
"146","55322","Cologne","Carver"
"147","55323","Crystal Bay","Hennepin"
"148","55324","Darwin","Meeker"
"149","55325","Dassel","Meeker"
"150","55327","Dayton","Hennepin"
"151","55328","Delano","Wright"
"152","55329","Eden Valley","Meeker"
"153","55330","Elk River","Sherburne"
"154","55331","Excelsior","Hennepin"
"155","55332","Fairfax","Renville"
"156","55333","Franklin","Renville"
"157","55334","Gaylord","Sibley"
"158","55335","Gibbon","Sibley"
"159","55336","Glencoe","Mcleod"
"160","55337","Burnsville","Dakota"
"161","55338","Green Isle","Sibley"
"162","55339","Hamburg","Carver"
"163","55340","Hamel","Hennepin"
"164","55341","Hanover","Wright"
"165","55342","Hector","Renville"
"166","55343","Hopkins","Hennepin"
"167","55344","Eden Prairie","Hennepin"
"168","55345","Minnetonka","Hennepin"
"169","55346","Eden Prairie","Hennepin"
"170","55347","Eden Prairie","Hennepin"
"171","55348","Maple Plain","Hennepin"
"172","55349","Howard Lake","Wright"
"173","55350","Hutchinson","Mcleod"
"174","55352","Jordan","Scott"
"175","55353","Kimball","Stearns"
"176","55354","Lester Prairie","Mcleod"
"177","55355","Litchfield","Meeker"
"178","55356","Long Lake","Hennepin"
"179","55357","Loretto","Hennepin"
"180","55358","Maple Lake","Wright"
"181","55359","Maple Plain","Hennepin"
"182","55360","Mayer","Carver"
"183","55361","Minnetonka Beach","Hennepin"
"184","55362","Monticello","Wright"
"185","55363","Montrose","Wright"
"186","55364","Mound","Hennepin"
"187","55365","Monticello","Wright"
"188","55366","New Auburn","Sibley"
"189","55367","New Germany","Carver"
"190","55368","Norwood Young America","Carver"
"191","55369","Osseo","Hennepin"
"192","55370","Plato","Mcleod"
"193","55371","Princeton","Mille Lacs"
"194","55372","Prior Lake","Scott"
"195","55373","Rockford","Wright"
"196","55374","Rogers","Hennepin"
"197","55375","Saint Bonifacius","Hennepin"
"198","55376","Saint Michael","Wright"
"199","55377","Santiago","Sherburne"
"200","55378","Savage","Scott"
"201","55379","Shakopee","Scott"
"202","55380","Silver Creek","Wright"
"203","55381","Silver Lake","Mcleod"
"204","55382","South Haven","Wright"
"205","55383","Norwood","Carver"
"206","55384","Spring Park","Hennepin"
"207","55385","Stewart","Mcleod"
"208","55386","Victoria","Carver"
"209","55387","Waconia","Carver"
"210","55388","Watertown","Carver"
"211","55389","Watkins","Meeker"
"212","55390","Waverly","Wright"
"213","55391","Wayzata","Hennepin"
"214","55392","Navarre","Hennepin"
"215","55393","Maple Plain","Wright"
"216","55394","Young America","Carver"
"217","55395","Winsted","Mcleod"
"218","55396","Winthrop","Sibley"
"219","55397","Young America","Carver"
"220","55398","Zimmerman","Sherburne"
"221","55399","Young America","Carver"
"222","55401","Minneapolis","Hennepin"
"223","55402","Minneapolis","Hennepin"
"224","55403","Minneapolis","Hennepin"
"225","55404","Minneapolis","Hennepin"
"226","55405","Minneapolis","Hennepin"
"227","55406","Minneapolis","Hennepin"
"228","55407","Minneapolis","Hennepin"
"229","55408","Minneapolis","Hennepin"
"230","55409","Minneapolis","Hennepin"
"231","55410","Minneapolis","Hennepin"
"232","55411","Minneapolis","Hennepin"
"233","55412","Minneapolis","Hennepin"
"234","55413","Minneapolis","Hennepin"
"235","55414","Minneapolis","Hennepin"
"236","55415","Minneapolis","Hennepin"
"237","55416","Minneapolis","Hennepin"
"238","55417","Minneapolis","Hennepin"
"239","55418","Minneapolis","Hennepin"
"240","55419","Minneapolis","Hennepin"
"241","55420","Minneapolis","Hennepin"
"242","55421","Minneapolis","Anoka"
"243","55422","Minneapolis","Hennepin"
"244","55423","Minneapolis","Hennepin"
"245","55424","Minneapolis","Hennepin"
"246","55425","Minneapolis","Hennepin"
"247","55426","Minneapolis","Hennepin"
"248","55427","Minneapolis","Hennepin"
"249","55428","Minneapolis","Hennepin"
"250","55429","Minneapolis","Hennepin"
"251","55430","Minneapolis","Hennepin"
"252","55431","Minneapolis","Hennepin"
"253","55432","Minneapolis","Anoka"
"254","55433","Minneapolis","Anoka"
"255","55434","Minneapolis","Anoka"
"256","55435","Minneapolis","Hennepin"
"257","55436","Minneapolis","Hennepin"
"258","55437","Minneapolis","Hennepin"
"259","55438","Minneapolis","Hennepin"
"260","55439","Minneapolis","Hennepin"
"261","55440","Minneapolis","Hennepin"
"262","55441","Minneapolis","Hennepin"
"263","55442","Minneapolis","Hennepin"
"264","55443","Minneapolis","Hennepin"
"265","55444","Minneapolis","Hennepin"
"266","55445","Minneapolis","Hennepin"
"267","55446","Minneapolis","Hennepin"
"268","55447","Minneapolis","Hennepin"
"269","55448","Minneapolis","Anoka"
"270","55449","Minneapolis","Anoka"
"271","55450","Minneapolis","Hennepin"
"272","55454","Minneapolis","Hennepin"
"273","55455","Minneapolis","Hennepin"
"274","55458","Minneapolis","Hennepin"
"275","55459","Minneapolis","Hennepin"
"276","55460","Minneapolis","Hennepin"
"277","55467","Minneapolis","Hennepin"
"278","55468","Minneapolis","Hennepin"
"279","55470","Minneapolis","Hennepin"
"280","55472","Minneapolis","Hennepin"
"281","55473","Minneapolis","Hennepin"
"282","55474","Minneapolis","Hennepin"
"283","55478","Minneapolis","Hennepin"
"284","55479","Minneapolis","Hennepin"
"285","55480","Minneapolis","Hennepin"
"286","55483","Minneapolis","Hennepin"
"287","55484","Minneapolis","Hennepin"
"288","55485","Minneapolis","Hennepin"
"289","55486","Minneapolis","Hennepin"
"290","55487","Minneapolis","Hennepin"
"291","55488","Minneapolis","Hennepin"
"292","55550","Young America","Carver"
"293","55551","Young America","Carver"
"294","55552","Young America","Carver"
"295","55553","Young America","Carver"
"296","55554","Norwood","Carver"
"297","55555","Young America","Carver"
"298","55556","Young America","Carver"
"299","55557","Young America","Carver"
"300","55558","Young America","Carver"
"301","55559","Young America","Carver"
"302","55560","Young America","Carver"
"303","55561","Monticello","Carver"
"304","55562","Young America","Carver"
"305","55563","Monticello","Carver"
"306","55564","Young America","Carver"
"307","55565","Monticello","Wright"
"308","55566","Young America","Carver"
"309","55567","Young America","Carver"
"310","55568","Young America","Carver"
"311","55569","Osseo","Hennepin"
"312","55570","Maple Plain","Hennepin"
"313","55571","Maple Plain","Hennepin"
"314","55572","Rockford","Hennepin"
"315","55573","Young America","Hennepin"
"316","55574","Maple Plain","Hennepin"
"317","55575","Howard Lake","Hennepin"
"318","55576","Maple Plain","Hennepin"
"319","55577","Rockford","Hennepin"
"320","55578","Maple Plain","Hennepin"
"321","55579","Maple Plain","Hennepin"
"322","55580","Monticello","Wright"
"323","55581","Monticello","Wright"
"324","55582","Monticello","Wright"
"325","55583","Norwood","Carver"
"326","55584","Monticello","Wright"
"327","55585","Monticello","Wright"
"328","55586","Monticello","Wright"
"329","55587","Monticello","Wright"
"330","55588","Monticello","Wright"
"331","55589","Monticello","Wright"
"332","55590","Monticello","Wright"
"333","55591","Monticello","Wright"
"334","55592","Maple Plain","Wright"
"335","55593","Maple Plain","Hennepin"
"336","55594","Young America","Carver"
"337","55595","Loretto","Hennepin"
"338","55596","Loretto","Hennepin"
"339","55597","Loretto","Hennepin"
"340","55598","Loretto","Hennepin"
"341","55599","Loretto","Hennepin"
"342","55601","Beaver Bay","Lake"
"343","55602","Brimson","Saint Louis"
"344","55603","Finland","Lake"
"345","55604","Grand Marais","Cook"
"346","55605","Grand Portage","Cook"
"347","55606","Hovland","Cook"
"348","55607","Isabella","Lake"
"349","55609","Knife River","Lake"
"350","55612","Lutsen","Cook"
"351","55613","Schroeder","Cook"
"352","55614","Silver Bay","Lake"
"353","55615","Tofte","Cook"
"354","55616","Two Harbors","Lake"
"355","55701","Adolph","Saint Louis"
"356","55702","Alborn","Saint Louis"
"357","55703","Angora","Saint Louis"
"358","55704","Askov","Pine"
"359","55705","Aurora","Saint Louis"
"360","55706","Babbitt","Saint Louis"
"361","55707","Barnum","Carlton"
"362","55708","Biwabik","Saint Louis"
"363","55709","Bovey","Itasca"
"364","55710","Britt","Saint Louis"
"365","55711","Brookston","Saint Louis"
"366","55712","Bruno","Pine"
"367","55713","Buhl","Saint Louis"
"368","55716","Calumet","Itasca"
"369","55717","Canyon","Saint Louis"
"370","55718","Carlton","Carlton"
"371","55719","Chisholm","Saint Louis"
"372","55720","Cloquet","Carlton"
"373","55721","Cohasset","Itasca"
"374","55722","Coleraine","Itasca"
"375","55723","Cook","Saint Louis"
"376","55724","Cotton","Saint Louis"
"377","55725","Crane Lake","Saint Louis"
"378","55726","Cromwell","Carlton"
"379","55730","Grand Rapids","Itasca"
"380","55731","Ely","Saint Louis"
"381","55732","Embarrass","Saint Louis"
"382","55733","Esko","Carlton"
"383","55734","Eveleth","Saint Louis"
"384","55735","Finlayson","Pine"
"385","55736","Floodwood","Saint Louis"
"386","55738","Forbes","Saint Louis"
"387","55741","Gilbert","Saint Louis"
"388","55742","Goodland","Itasca"
"389","55744","Grand Rapids","Itasca"
"390","55745","Grand Rapids","Itasca"
"391","55746","Hibbing","Saint Louis"
"392","55747","Hibbing","Saint Louis"
"393","55748","Hill City","Aitkin"
"394","55749","Holyoke","Carlton"
"395","55750","Hoyt Lakes","Saint Louis"
"396","55751","Iron","Saint Louis"
"397","55752","Jacobson","Itasca"
"398","55753","Keewatin","Itasca"
"399","55756","Kerrick","Pine"
"400","55757","Kettle River","Carlton"
"401","55758","Kinney","Saint Louis"
"402","55760","Mcgregor","Aitkin"
"403","55763","Makinen","Saint Louis"
"404","55764","Marble","Itasca"
"405","55765","Meadowlands","Saint Louis"
"406","55766","Melrude","Saint Louis"
"407","55767","Moose Lake","Carlton"
"408","55768","Mountain Iron","Saint Louis"
"409","55769","Nashwauk","Itasca"
"410","55771","Orr","Saint Louis"
"411","55772","Nett Lake","Saint Louis"
"412","55775","Pengilly","Itasca"
"413","55777","Virginia","Saint Louis"
"414","55779","Saginaw","Saint Louis"
"415","55780","Sawyer","Carlton"
"416","55781","Side Lake","Saint Louis"
"417","55782","Soudan","Saint Louis"
"418","55783","Sturgeon Lake","Pine"
"419","55784","Swan River","Itasca"
"420","55785","Swatara","Cass"
"421","55786","Taconite","Itasca"
"422","55787","Tamarack","Aitkin"
"423","55790","Tower","Saint Louis"
"424","55791","Twig","Saint Louis"
"425","55792","Virginia","Saint Louis"
"426","55793","Warba","Itasca"
"427","55795","Willow River","Pine"
"428","55796","Winton","Saint Louis"
"429","55797","Wrenshall","Carlton"
"430","55798","Wright","Carlton"
"431","55801","Duluth","Saint Louis"
"432","55802","Duluth","Saint Louis"
"433","55803","Duluth","Saint Louis"
"434","55804","Duluth","Saint Louis"
"435","55805","Duluth","Saint Louis"
"436","55806","Duluth","Saint Louis"
"437","55807","Duluth","Saint Louis"
"438","55808","Duluth","Saint Louis"
"439","55810","Duluth","Saint Louis"
"440","55811","Duluth","Saint Louis"
"441","55812","Duluth","Saint Louis"
"442","55814","Duluth","Saint Louis"
"443","55815","Duluth","Saint Louis"
"444","55816","Duluth","Saint Louis"
"445","55901","Rochester","Olmsted"
"446","55902","Rochester","Olmsted"
"447","55903","Rochester","Olmsted"
"448","55904","Rochester","Olmsted"
"449","55905","Rochester","Olmsted"
"450","55906","Rochester","Olmsted"
"451","55909","Adams","Mower"
"452","55910","Altura","Winona"
"453","55912","Austin","Mower"
"454","55917","Blooming Prairie","Steele"
"455","55918","Brownsdale","Mower"
"456","55919","Brownsville","Houston"
"457","55920","Byron","Olmsted"
"458","55921","Caledonia","Houston"
"459","55922","Canton","Fillmore"
"460","55923","Chatfield","Fillmore"
"461","55924","Claremont","Dodge"
"462","55925","Dakota","Winona"
"463","55926","Dexter","Mower"
"464","55927","Dodge Center","Dodge"
"465","55929","Dover","Olmsted"
"466","55931","Eitzen","Houston"
"467","55932","Elgin","Wabasha"
"468","55933","Elkton","Mower"
"469","55934","Eyota","Olmsted"
"470","55935","Fountain","Fillmore"
"471","55936","Grand Meadow","Mower"
"472","55939","Harmony","Fillmore"
"473","55940","Hayfield","Dodge"
"474","55941","Hokah","Houston"
"475","55942","Homer","Winona"
"476","55943","Houston","Houston"
"477","55944","Kasson","Dodge"
"478","55945","Kellogg","Wabasha"
"479","55946","Kenyon","Goodhue"
"480","55947","La Crescent","Houston"
"481","55949","Lanesboro","Fillmore"
"482","55950","Lansing","Mower"
"483","55951","Le Roy","Mower"
"484","55952","Lewiston","Winona"
"485","55953","Lyle","Mower"
"486","55954","Mabel","Fillmore"
"487","55955","Mantorville","Dodge"
"488","55956","Mazeppa","Wabasha"
"489","55957","Millville","Wabasha"
"490","55959","Minnesota City","Winona"
"491","55960","Oronoco","Olmsted"
"492","55961","Ostrander","Fillmore"
"493","55962","Peterson","Fillmore"
"494","55963","Pine Island","Goodhue"
"495","55964","Plainview","Wabasha"
"496","55965","Preston","Fillmore"
"497","55967","Racine","Mower"
"498","55968","Reads Landing","Wabasha"
"499","55969","Rollingstone","Winona"
"500","55970","Rose Creek","Mower"
"501","55971","Rushford","Fillmore"
"502","55972","Saint Charles","Winona"
"503","55973","Sargeant","Mower"
"504","55974","Spring Grove","Houston"
"505","55975","Spring Valley","Fillmore"
"506","55976","Stewartville","Olmsted"
"507","55977","Taopi","Mower"
"508","55979","Utica","Winona"
"509","55981","Wabasha","Wabasha"
"510","55982","Waltham","Mower"
"511","55983","Wanamingo","Goodhue"
"512","55985","West Concord","Dodge"
"513","55987","Winona","Winona"
"514","55988","Stockton","Winona"
"515","55990","Wykoff","Fillmore"
"516","55991","Zumbro Falls","Wabasha"
"517","55992","Zumbrota","Goodhue"
"518","56001","Mankato","Blue Earth"
"519","56002","Mankato","Blue Earth"
"520","56003","Mankato","Nicollet"
"521","56006","Mankato","Blue Earth"
"522","56007","Albert Lea","Freeborn"
"523","56009","Alden","Freeborn"
"524","56010","Amboy","Blue Earth"
"525","56011","Belle Plaine","Scott"
"526","56013","Blue Earth","Faribault"
"527","56014","Bricelyn","Faribault"
"528","56016","Clarks Grove","Freeborn"
"529","56017","Cleveland","Le Sueur"
"530","56019","Comfrey","Brown"
"531","56020","Conger","Freeborn"
"532","56021","Courtland","Nicollet"
"533","56022","Darfur","Watonwan"
"534","56023","Delavan","Faribault"
"535","56024","Eagle Lake","Blue Earth"
"536","56025","Easton","Faribault"
"537","56026","Ellendale","Steele"
"538","56027","Elmore","Faribault"
"539","56028","Elysian","Le Sueur"
"540","56029","Emmons","Freeborn"
"541","56030","Essig","Brown"
"542","56031","Fairmont","Martin"
"543","56032","Freeborn","Freeborn"
"544","56033","Frost","Faribault"
"545","56034","Garden City","Blue Earth"
"546","56035","Geneva","Freeborn"
"547","56036","Glenville","Freeborn"
"548","56037","Good Thunder","Blue Earth"
"549","56039","Granada","Martin"
"550","56041","Hanska","Brown"
"551","56042","Hartland","Freeborn"
"552","56043","Hayward","Freeborn"
"553","56044","Henderson","Sibley"
"554","56045","Hollandale","Freeborn"
"555","56046","Hope","Steele"
"556","56047","Huntley","Faribault"
"557","56048","Janesville","Waseca"
"558","56050","Kasota","Le Sueur"
"559","56051","Kiester","Faribault"
"560","56052","Kilkenny","Rice"
"561","56054","Lafayette","Nicollet"
"562","56055","Lake Crystal","Blue Earth"
"563","56056","La Salle","Watonwan"
"564","56057","Le Center","Le Sueur"
"565","56058","Le Sueur","Le Sueur"
"566","56060","Lewisville","Watonwan"
"567","56062","Madelia","Watonwan"
"568","56063","Madison Lake","Blue Earth"
"569","56065","Mapleton","Blue Earth"
"570","56068","Minnesota Lake","Faribault"
"571","56069","Montgomery","Le Sueur"
"572","56071","New Prague","Scott"
"573","56072","New Richland","Waseca"
"574","56073","New Ulm","Brown"
"575","56074","Nicollet","Nicollet"
"576","56075","Northrop","Martin"
"577","56078","Pemberton","Blue Earth"
"578","56080","Saint Clair","Blue Earth"
"579","56081","Saint James","Watonwan"
"580","56082","Saint Peter","Nicollet"
"581","56083","Sanborn","Redwood"
"582","56084","Searles","Brown"
"583","56085","Sleepy Eye","Brown"
"584","56087","Springfield","Brown"
"585","56088","Truman","Martin"
"586","56089","Twin Lakes","Freeborn"
"587","56090","Vernon Center","Blue Earth"
"588","56091","Waldorf","Waseca"
"589","56093","Waseca","Waseca"
"590","56096","Waterville","Le Sueur"
"591","56097","Wells","Faribault"
"592","56098","Winnebago","Faribault"
"593","56101","Windom","Cottonwood"
"594","56110","Adrian","Nobles"
"595","56111","Alpha","Jackson"
"596","56113","Arco","Lincoln"
"597","56114","Avoca","Murray"
"598","56115","Balaton","Lyon"
"599","56116","Beaver Creek","Rock"
"600","56117","Bigelow","Nobles"
"601","56118","Bingham Lake","Cottonwood"
"602","56119","Brewster","Nobles"
"603","56120","Butterfield","Watonwan"
"604","56121","Ceylon","Martin"
"605","56122","Chandler","Murray"
"606","56123","Currie","Murray"
"607","56125","Dovray","Murray"
"608","56127","Dunnell","Martin"
"609","56128","Edgerton","Pipestone"
"610","56129","Ellsworth","Nobles"
"611","56131","Fulda","Murray"
"612","56132","Garvin","Lyon"
"613","56134","Hardwick","Rock"
"614","56136","Hendricks","Lincoln"
"615","56137","Heron Lake","Jackson"
"616","56138","Hills","Rock"
"617","56139","Holland","Pipestone"
"618","56140","Ihlen","Pipestone"
"619","56141","Iona","Murray"
"620","56142","Ivanhoe","Lincoln"
"621","56143","Jackson","Jackson"
"622","56144","Jasper","Rock"
"623","56145","Jeffers","Cottonwood"
"624","56146","Kanaranzi","Nobles"
"625","56147","Kenneth","Rock"
"626","56149","Lake Benton","Lincoln"
"627","56150","Lakefield","Jackson"
"628","56151","Lake Wilson","Murray"
"629","56152","Lamberton","Redwood"
"630","56153","Leota","Nobles"
"631","56155","Lismore","Nobles"
"632","56156","Luverne","Rock"
"633","56157","Lynd","Lyon"
"634","56158","Magnolia","Rock"
"635","56159","Mountain Lake","Cottonwood"
"636","56160","Odin","Watonwan"
"637","56161","Okabena","Jackson"
"638","56162","Ormsby","Martin"
"639","56164","Pipestone","Pipestone"
"640","56165","Reading","Nobles"
"641","56166","Revere","Redwood"
"642","56167","Round Lake","Nobles"
"643","56168","Rushmore","Nobles"
"644","56169","Russell","Lyon"
"645","56170","Ruthton","Pipestone"
"646","56171","Sherburn","Martin"
"647","56172","Slayton","Murray"
"648","56173","Steen","Rock"
"649","56174","Storden","Cottonwood"
"650","56175","Tracy","Lyon"
"651","56176","Trimont","Martin"
"652","56177","Trosky","Pipestone"
"653","56178","Tyler","Lincoln"
"654","56180","Walnut Grove","Redwood"
"655","56181","Welcome","Martin"
"656","56183","Westbrook","Cottonwood"
"657","56185","Wilmont","Nobles"
"658","56186","Woodstock","Pipestone"
"659","56187","Worthington","Nobles"
"660","56201","Willmar","Kandiyohi"
"661","56207","Alberta","Stevens"
"662","56208","Appleton","Swift"
"663","56209","Atwater","Kandiyohi"
"664","56210","Barry","Big Stone"
"665","56211","Beardsley","Big Stone"
"666","56212","Bellingham","Lac Qui Parle"
"667","56214","Belview","Redwood"
"668","56215","Benson","Swift"
"669","56216","Blomkest","Kandiyohi"
"670","56218","Boyd","Lac Qui Parle"
"671","56219","Browns Valley","Traverse"
"672","56220","Canby","Yellow Medicine"
"673","56221","Chokio","Stevens"
"674","56222","Clara City","Chippewa"
"675","56223","Clarkfield","Yellow Medicine"
"676","56224","Clements","Redwood"
"677","56225","Clinton","Big Stone"
"678","56226","Clontarf","Swift"
"679","56227","Correll","Big Stone"
"680","56228","Cosmos","Meeker"
"681","56229","Cottonwood","Lyon"
"682","56230","Danube","Renville"
"683","56231","Danvers","Swift"
"684","56232","Dawson","Lac Qui Parle"
"685","56235","Donnelly","Stevens"
"686","56236","Dumont","Traverse"
"687","56237","Echo","Yellow Medicine"
"688","56239","Ghent","Lyon"
"689","56240","Graceville","Big Stone"
"690","56241","Granite Falls","Yellow Medicine"
"691","56243","Grove City","Meeker"
"692","56244","Hancock","Stevens"
"693","56245","Hanley Falls","Yellow Medicine"
"694","56248","Herman","Grant"
"695","56249","Holloway","Swift"
"696","56251","Kandiyohi","Kandiyohi"
"697","56252","Kerkhoven","Swift"
"698","56253","Lake Lillian","Kandiyohi"
"699","56255","Lucan","Redwood"
"700","56256","Madison","Lac Qui Parle"
"701","56257","Marietta","Lac Qui Parle"
"702","56258","Marshall","Lyon"
"703","56260","Maynard","Chippewa"
"704","56262","Milan","Chippewa"
"705","56263","Milroy","Redwood"
"706","56264","Minneota","Lyon"
"707","56265","Montevideo","Chippewa"
"708","56266","Morgan","Redwood"
"709","56267","Morris","Stevens"
"710","56270","Morton","Renville"
"711","56271","Murdock","Swift"
"712","56273","New London","Kandiyohi"
"713","56274","Norcross","Grant"
"714","56276","Odessa","Big Stone"
"715","56277","Olivia","Renville"
"716","56278","Ortonville","Big Stone"
"717","56279","Pennock","Kandiyohi"
"718","56280","Porter","Yellow Medicine"
"719","56281","Prinsburg","Kandiyohi"
"720","56282","Raymond","Kandiyohi"
"721","56283","Redwood Falls","Redwood"
"722","56284","Renville","Renville"
"723","56285","Sacred Heart","Renville"
"724","56287","Seaforth","Redwood"
"725","56288","Spicer","Kandiyohi"
"726","56289","Sunburg","Kandiyohi"
"727","56291","Taunton","Lyon"
"728","56292","Vesta","Redwood"
"729","56293","Wabasso","Redwood"
"730","56294","Wanda","Redwood"
"731","56295","Watson","Chippewa"
"732","56296","Wheaton","Traverse"
"733","56297","Wood Lake","Yellow Medicine"
"734","56301","Saint Cloud","Stearns"
"735","56302","Saint Cloud","Stearns"
"736","56303","Saint Cloud","Stearns"
"737","56304","Saint Cloud","Benton"
"738","56307","Albany","Stearns"
"739","56308","Alexandria","Douglas"
"740","56309","Ashby","Grant"
"741","56310","Avon","Stearns"
"742","56311","Barrett","Grant"
"743","56312","Belgrade","Stearns"
"744","56313","Bock","Mille Lacs"
"745","56314","Bowlus","Morrison"
"746","56315","Brandon","Douglas"
"747","56316","Brooten","Stearns"
"748","56317","Buckman","Morrison"
"749","56318","Burtrum","Todd"
"750","56319","Carlos","Douglas"
"751","56320","Cold Spring","Stearns"
"752","56321","Collegeville","Stearns"
"753","56323","Cyrus","Pope"
"754","56324","Dalton","Otter Tail"
"755","56325","Elrosa","Stearns"
"756","56326","Evansville","Douglas"
"757","56327","Farwell","Douglas"
"758","56328","Flensburg","Morrison"
"759","56329","Foley","Benton"
"760","56330","Foreston","Mille Lacs"
"761","56331","Freeport","Stearns"
"762","56332","Garfield","Douglas"
"763","56333","Gilman","Benton"
"764","56334","Glenwood","Pope"
"765","56335","Greenwald","Stearns"
"766","56336","Grey Eagle","Todd"
"767","56338","Hillman","Morrison"
"768","56339","Hoffman","Grant"
"769","56340","Holdingford","Stearns"
"770","56341","Holmes City","Douglas"
"771","56342","Isle","Mille Lacs"
"772","56343","Kensington","Douglas"
"773","56344","Lastrup","Morrison"
"774","56345","Little Falls","Morrison"
"775","56347","Long Prairie","Todd"
"776","56349","Lowry","Pope"
"777","56350","Mc Grath","Aitkin"
"778","56352","Melrose","Stearns"
"779","56353","Milaca","Mille Lacs"
"780","56354","Miltona","Douglas"
"781","56355","Nelson","Douglas"
"782","56356","New Munich","Stearns"
"783","56357","Oak Park","Benton"
"784","56358","Ogilvie","Kanabec"
"785","56359","Onamia","Mille Lacs"
"786","56360","Osakis","Douglas"
"787","56361","Parkers Prairie","Otter Tail"
"788","56362","Paynesville","Stearns"
"789","56363","Pease","Mille Lacs"
"790","56364","Pierz","Morrison"
"791","56367","Rice","Benton"
"792","56368","Richmond","Stearns"
"793","56369","Rockville","Stearns"
"794","56371","Roscoe","Stearns"
"795","56372","Saint Cloud","Stearns"
"796","56373","Royalton","Morrison"
"797","56374","Saint Joseph","Stearns"
"798","56375","Saint Stephen","Stearns"
"799","56376","Saint Martin","Stearns"
"800","56377","Sartell","Stearns"
"801","56378","Sauk Centre","Stearns"
"802","56379","Sauk Rapids","Benton"
"803","56381","Starbuck","Pope"
"804","56382","Swanville","Morrison"
"805","56384","Upsala","Morrison"
"806","56385","Villard","Pope"
"807","56386","Wahkon","Mille Lacs"
"808","56387","Waite Park","Stearns"
"809","56388","Waite Park","Stearns"
"810","56389","West Union","Todd"
"811","56393","Saint Cloud","Stearns"
"812","56395","Saint Cloud","Stearns"
"813","56396","Saint Cloud","Stearns"
"814","56397","Saint Cloud","Stearns"
"815","56398","Saint Cloud","Stearns"
"816","56399","Saint Cloud","Stearns"
"817","56401","Brainerd","Crow Wing"
"818","56425","Baxter","Crow Wing"
"819","56430","Ah Gwah Ching","Cass"
"820","56431","Aitkin","Aitkin"
"821","56433","Akeley","Hubbard"
"822","56434","Aldrich","Wadena"
"823","56435","Backus","Cass"
"824","56436","Benedict","Hubbard"
"825","56437","Bertha","Todd"
"826","56438","Browerville","Todd"
"827","56440","Clarissa","Todd"
"828","56441","Crosby","Crow Wing"
"829","56442","Crosslake","Crow Wing"
"830","56443","Cushing","Morrison"
"831","56444","Deerwood","Crow Wing"
"832","56446","Eagle Bend","Todd"
"833","56447","Emily","Crow Wing"
"834","56448","Fifty Lakes","Crow Wing"
"835","56449","Fort Ripley","Crow Wing"
"836","56450","Garrison","Crow Wing"
"837","56452","Hackensack","Cass"
"838","56453","Hewitt","Todd"
"839","56455","Ironton","Crow Wing"
"840","56456","Jenkins","Crow Wing"
"841","56458","Lake George","Hubbard"
"842","56459","Lake Hubert","Crow Wing"
"843","56461","Laporte","Hubbard"
"844","56464","Menahga","Wadena"
"845","56465","Merrifield","Crow Wing"
"846","56466","Motley","Morrison"
"847","56467","Nevis","Hubbard"
"848","56468","Nisswa","Crow Wing"
"849","56469","Palisade","Aitkin"
"850","56470","Park Rapids","Hubbard"
"851","56472","Pequot Lakes","Crow Wing"
"852","56473","Pillager","Cass"
"853","56474","Pine River","Cass"
"854","56475","Randall","Morrison"
"855","56477","Sebeka","Wadena"
"856","56478","Nimrod","Wadena"
"857","56479","Staples","Todd"
"858","56481","Verndale","Wadena"
"859","56482","Wadena","Wadena"
"860","56484","Walker","Cass"
"861","56501","Detroit Lakes","Becker"
"862","56502","Detroit Lakes","Becker"
"863","56510","Ada","Norman"
"864","56511","Audubon","Becker"
"865","56514","Barnesville","Clay"
"866","56515","Battle Lake","Otter Tail"
"867","56516","Bejou","Mahnomen"
"868","56517","Beltrami","Polk"
"869","56518","Bluffton","Otter Tail"
"870","56519","Borup","Norman"
"871","56520","Breckenridge","Wilkin"
"872","56521","Callaway","Becker"
"873","56522","Campbell","Wilkin"
"874","56523","Climax","Polk"
"875","56524","Clitherall","Otter Tail"
"876","56525","Comstock","Clay"
"877","56527","Deer Creek","Otter Tail"
"878","56528","Dent","Otter Tail"
"879","56529","Dilworth","Clay"
"880","56531","Elbow Lake","Grant"
"881","56533","Elizabeth","Otter Tail"
"882","56534","Erhard","Otter Tail"
"883","56535","Erskine","Polk"
"884","56536","Felton","Clay"
"885","56537","Fergus Falls","Otter Tail"
"886","56538","Fergus Falls","Otter Tail"
"887","56540","Fertile","Polk"
"888","56541","Flom","Norman"
"889","56542","Fosston","Polk"
"890","56543","Foxhome","Wilkin"
"891","56544","Frazee","Becker"
"892","56545","Gary","Norman"
"893","56546","Georgetown","Clay"
"894","56547","Glyndon","Clay"
"895","56548","Halstad","Norman"
"896","56549","Hawley","Clay"
"897","56550","Hendrum","Norman"
"898","56551","Henning","Otter Tail"
"899","56552","Hitterdal","Clay"
"900","56553","Kent","Wilkin"
"901","56554","Lake Park","Becker"
"902","56556","Mcintosh","Polk"
"903","56557","Mahnomen","Mahnomen"
"904","56560","Moorhead","Clay"
"905","56561","Moorhead","Clay"
"906","56562","Moorhead","Clay"
"907","56563","Moorhead","Clay"
"908","56565","Nashua","Wilkin"
"909","56566","Naytahwaush","Mahnomen"
"910","56567","New York Mills","Otter Tail"
"911","56568","Nielsville","Polk"
"912","56569","Ogema","Becker"
"913","56570","Osage","Becker"
"914","56571","Ottertail","Otter Tail"
"915","56572","Pelican Rapids","Otter Tail"
"916","56573","Perham","Otter Tail"
"917","56574","Perley","Norman"
"918","56575","Ponsford","Becker"
"919","56576","Richville","Otter Tail"
"920","56577","Richwood","Becker"
"921","56578","Rochert","Becker"
"922","56579","Rothsay","Wilkin"
"923","56580","Sabin","Clay"
"924","56581","Shelly","Norman"
"925","56583","Tintah","Traverse"
"926","56584","Twin Valley","Norman"
"927","56585","Ulen","Clay"
"928","56586","Underwood","Otter Tail"
"929","56587","Vergas","Otter Tail"
"930","56588","Vining","Otter Tail"
"931","56589","Waubun","Becker"
"932","56590","Wendell","Grant"
"933","56591","White Earth","Becker"
"934","56592","Winger","Polk"
"935","56593","Wolf Lake","Becker"
"936","56594","Wolverton","Wilkin"
"937","56601","Bemidji","Beltrami"
"938","56619","Bemidji","Beltrami"
"939","56621","Bagley","Clearwater"
"940","56623","Baudette","Lake Of The Woods"
"941","56626","Bena","Cass"
"942","56627","Big Falls","Koochiching"
"943","56628","Bigfork","Itasca"
"944","56629","Birchdale","Koochiching"
"945","56630","Blackduck","Beltrami"
"946","56631","Bowstring","Itasca"
"947","56633","Cass Lake","Cass"
"948","56634","Clearbrook","Clearwater"
"949","56636","Deer River","Itasca"
"950","56637","Talmoon","Itasca"
"951","56639","Effie","Itasca"
"952","56641","Federal Dam","Cass"
"953","56644","Gonvick","Clearwater"
"954","56646","Gully","Polk"
"955","56647","Hines","Beltrami"
"956","56649","International Falls","Koochiching"
"957","56650","Kelliher","Beltrami"
"958","56651","Lengby","Mahnomen"
"959","56652","Leonard","Clearwater"
"960","56653","Littlefork","Koochiching"
"961","56654","Loman","Koochiching"
"962","56655","Longville","Cass"
"963","56657","Marcell","Itasca"
"964","56658","Margie","Koochiching"
"965","56659","Max","Itasca"
"966","56660","Mizpah","Koochiching"
"967","56661","Northome","Koochiching"
"968","56662","Outing","Cass"
"969","56663","Pennington","Beltrami"
"970","56666","Ponemah","Beltrami"
"971","56667","Puposky","Beltrami"
"972","56668","Ranier","Koochiching"
"973","56669","Kabetogama","Koochiching"
"974","56670","Redby","Beltrami"
"975","56671","Redlake","Beltrami"
"976","56672","Remer","Cass"
"977","56673","Roosevelt","Roseau"
"978","56676","Shevlin","Clearwater"
"979","56678","Solway","Beltrami"
"980","56679","South International Falls","Koochiching"
"981","56680","Spring Lake","Itasca"
"982","56681","Squaw Lake","Itasca"
"983","56682","Swift","Roseau"
"984","56683","Tenstrike","Beltrami"
"985","56684","Trail","Polk"
"986","56685","Waskish","Beltrami"
"987","56686","Williams","Lake Of The Woods"
"988","56687","Wilton","Beltrami"
"989","56688","Wirt","Itasca"
"990","56701","Thief River Falls","Pennington"
"991","56710","Alvarado","Marshall"
"992","56711","Angle Inlet","Lake Of The Woods"
"993","56713","Argyle","Marshall"
"994","56714","Badger","Roseau"
"995","56715","Brooks","Red Lake"
"996","56716","Crookston","Polk"
"997","56720","Donaldson","Kittson"
"998","56721","East Grand Forks","Polk"
"999","56722","Euclid","Polk"
"1000","56723","Fisher","Polk"
"1001","56724","Gatzke","Marshall"
"1002","56725","Goodridge","Pennington"
"1003","56726","Greenbush","Roseau"
"1004","56727","Grygla","Marshall"
"1005","56728","Hallock","Kittson"
"1006","56729","Halma","Kittson"
"1007","56731","Humboldt","Kittson"
"1008","56732","Karlstad","Kittson"
"1009","56733","Kennedy","Kittson"
"1010","56734","Lake Bronson","Kittson"
"1011","56735","Lancaster","Kittson"
"1012","56736","Mentor","Polk"
"1013","56737","Middle River","Marshall"
"1014","56738","Newfolden","Marshall"
"1015","56740","Noyes","Kittson"
"1016","56741","Oak Island","Lake Of The Woods"
"1017","56742","Oklee","Red Lake"
"1018","56744","Oslo","Marshall"
"1019","56748","Plummer","Red Lake"
"1020","56750","Red Lake Falls","Red Lake"
"1021","56751","Roseau","Roseau"
"1022","56754","Saint Hilaire","Pennington"
"1023","56755","Saint Vincent","Kittson"
"1024","56756","Salol","Roseau"
"1025","56757","Stephen","Marshall"
"1026","56758","Strandquist","Marshall"
"1027","56759","Strathcona","Roseau"
"1028","56760","Viking","Marshall"
"1029","56761","Wannaska","Roseau"
"1030","56762","Warren","Marshall"
"1031","56763","Warroad","Roseau"
